rmse,mae,r2
10.728944901929255,8.242845200835982,0.46118077970307414
