rmse,mae,r2
10.360329689869028,7.677030900079715,0.45502059002848627
