fold,mae,mse,rmse,r2
3,8.181160926818848,130.78436279296875,11.436099107342885,0.4273146390914917
