fold,mae,mse,rmse,r2
0,7.97730827331543,120.02739715576172,10.955701582087826,0.427066445350647
