fold,mae,mse,rmse,r2
1,7.675331115722656,109.69216918945312,10.473402942188997,0.46629077196121216
