fold,mae,mse,rmse,r2
4,7.926413536071777,110.5286865234375,10.51326241104242,0.4699634313583374
