fold,mae,mse,rmse,r2
2,8.058530807495117,114.81747436523438,10.715291613634898,0.44457536935806274
