{
    "num_folds": 5,
    "fold_cindex": [
        0.7408999427008884,
        0.7536296308379962,
        0.731332022870566,
        0.7225053760580757,
        0.7464295360238331
    ],
    "mean_cindex": 0.7389593016982718,
    "std_cindex": 0.012285113926378011
}