rmse,mae,r2
11.029129662337724,8.278622844002463,0.40018561213390724
