fold,best_val_cindex,best_epoch
1,0.7408999427008884,5
2,0.7536296308379962,4
3,0.731332022870566,4
4,0.7225053760580757,5
5,0.7464295360238331,7
