time_horizon_years,time_dependent_auc
1,0.632637971414845
3,0.6818390907764975
5,0.6948316928935883
10,0.7254020688731103
