rmse,mae,r2
11.401427680541873,8.380715931431528,0.4380952583295509
