feature,mean_abs_shap
sex,7.90666355910822
dm_htn_combined,1.7000348001507397
egfr,1.0642181874451553
age,0.11600154974485485
qrisk3,0.04749555385261784
diabetes,0.0
hypertension,0.0
