delta_rmse_mean,delta_rmse_sd,delta_mae_mean,delta_mae_sd,delta_r2_mean,delta_r2_sd
-0.09452624231158388,0.08169163448962974,-0.08296877990259795,0.129829141230974,0.00941273404058518,0.008117564996957803
