rmse,mae,r2
10.841387942828238,7.895725907321181,0.45312089655802723
